{
"lengthUnit": "mil",
"components": {
	"fields": ["COMPONENT_NO", "COMPONENT_NAME", "LAYER", "X_COORDINATE", "Y_COORDINATE", "ANGLE"],
	"rows": [
		[1, "LED1", "B", 2255, 4855, 90],
		[2, "LED2", "B", 1935, 4930, 90],
		[3, "R1", "B", 2300, 4590, 0],
		[4, "U1", "T", -3225, 8390.53, 0]
	]
},
"pins": {
	"fields": ["PIN_NO", "PIN_NAME", "PIN_X", "PIN_Y", "LAYER", "PIN_TYPE", "NET_NAME", "NET_TYPE", "PAD_SHAPE", "PAD_SIZEX", "PAD_SIZEY", "HOLE_SIZE", "PAD_ANGLE"],
	"rows": [
		[1, "LED1_1", 2255, 4790.04, "B", "SMD", "LED1_1", "", "R", 59.05, 59.05, 0, 90],
		[2, "LED1_2", 2255, 4919.96, "B", "SMD", "U1_7", "", "R", 59.05, 59.05, 0, 90],
		[3, "LED2_1", 1935, 4865.04, "B", "SMD", "LED1_1", "", "R", 59.05, 59.05, 0, 90],
		[4, "LED2_2", 1935, 4994.96, "B", "SMD", "U1_7", "", "R", 59.05, 59.05, 0, 90],
		[5, "R1_1", 2244.9, 4590, "B", "SMD", "LED1_1", "", "R", 63, 63, 0, 180],
		[6, "R1_2", 2355.1, 4590, "B", "SMD", "U1_8", "", "R", 63, 63, 0, 180],
		[7, "U1_1", 1700.19, 5133.06, "T", "DIP", "U1_1", "", "R", 70, 70, 40.2, 90],
		[8, "U1_1", 1700.19, 5133.06, "B", "DIP", "U1_1", "", "R", 70, 70, 40.2, 90],
		[9, "U1_2", 1800.19, 5133.06, "T", "DIP", "U1_2", "", "C", 70, 70, 40.2, 90],
		[10, "U1_2", 1800.19, 5133.06, "B", "DIP", "U1_2", "", "C", 70, 70, 40.2, 90],
		[11, "U1_3", 1900.19, 5133.06, "T", "DIP", "U1_3", "", "C", 70, 70, 42, 90],
		[12, "U1_3", 1900.19, 5133.06, "B", "DIP", "U1_3", "", "C", 70, 70, 42, 90],
		[13, "U1_4", 2000.19, 5133.06, "T", "DIP", "U1_4", "", "C", 70, 70, 40.2, 90],
		[14, "U1_4", 2000.19, 5133.06, "B", "DIP", "U1_4", "", "C", 70, 70, 40.2, 90],
		[15, "U1_5", 2100.19, 5133.06, "T", "DIP", "U1_5", "", "C", 70, 70, 40.2, 90],
		[16, "U1_5", 2100.19, 5133.06, "B", "DIP", "U1_5", "", "C", 70, 70, 40.2, 90],
		[17, "U1_6", 2200.19, 5133.06, "T", "DIP", "U1_6", "", "C", 70, 70, 40.2, 90],
		[18, "U1_6", 2200.19, 5133.06, "B", "DIP", "U1_6", "", "C", 70, 70, 40.2, 90],
		[19, "U1_7", 2300.19, 5133.06, "T", "DIP", "U1_7", "", "C", 70, 70, 40.2, 90],
		[20, "U1_7", 2300.19, 5133.06, "B", "DIP", "U1_7", "", "C", 70, 70, 40.2, 90],
		[21, "U1_8", 2400.19, 5133.06, "T", "DIP", "U1_8", "", "C", 70, 70, 40.2, 90],
		[22, "U1_8", 2400.19, 5133.06, "B", "DIP", "U1_8", "", "C", 70, 70, 40.2, 90],
		[23, "U1_9", 1700.19, 4433.06, "T", "DIP", "U1_9", "", "C", 70, 70, 40.2, 90],
		[24, "U1_9", 1700.19, 4433.06, "B", "DIP", "U1_9", "", "C", 70, 70, 40.2, 90],
		[25, "U1_10", 1800.19, 4433.06, "T", "DIP", "U1_10", "", "C", 70, 70, 40.2, 90],
		[26, "U1_10", 1800.19, 4433.06, "B", "DIP", "U1_10", "", "C", 70, 70, 40.2, 90],
		[27, "U1_11", 1900.19, 4433.06, "T", "DIP", "U1_11", "", "C", 70, 70, 40.2, 90],
		[28, "U1_11", 1900.19, 4433.06, "B", "DIP", "U1_11", "", "C", 70, 70, 40.2, 90],
		[29, "U1_12", 2000.19, 4433.06, "T", "DIP", "U1_12", "", "C", 70, 70, 40.2, 90],
		[30, "U1_12", 2000.19, 4433.06, "B", "DIP", "U1_12", "", "C", 70, 70, 40.2, 90],
		[31, "U1_13", 2100.19, 4433.06, "T", "DIP", "U1_13", "", "C", 70, 70, 40.2, 90],
		[32, "U1_13", 2100.19, 4433.06, "B", "DIP", "U1_13", "", "C", 70, 70, 40.2, 90],
		[33, "U1_14", 2200.19, 4433.06, "T", "DIP", "U1_14", "", "C", 70, 70, 40.2, 90],
		[34, "U1_14", 2200.19, 4433.06, "B", "DIP", "U1_14", "", "C", 70, 70, 40.2, 90],
		[35, "U1_15", 2300.19, 4433.06, "T", "DIP", "U1_15", "", "C", 70, 70, 40.2, 90],
		[36, "U1_15", 2300.19, 4433.06, "B", "DIP", "U1_15", "", "C", 70, 70, 40.2, 90],
		[37, "U1_16", 2400.19, 4433.06, "T", "DIP", "U1_16", "", "C", 70, 70, 40.2, 90],
		[38, "U1_16", 2400.19, 4433.06, "B", "DIP", "U1_16", "", "C", 70, 70, 40.2, 90]
	]
}
}